{"is_source_file": false, "format": "", "description": "", "external_files": [], "external_methods": [], "published": [], "classes": [], "methods": [], "calls": [], "search-terms": [], "state": 2, "file_id": 42, "knowledge_revision": 79, "git_revision": "c3e9765728b7361cdb71afbcd456d51b1fae76dc", "hash": "3e4869a29f6337cca3d01213e3d72d25", "format-version": 4, "code-base-name": "task_scheduler_frontend", "filename": "README.md", "revision_history": [{"79": "c3e9765728b7361cdb71afbcd456d51b1fae76dc"}]}