{"is_source_file": false, "format": "", "description": "", "external_files": [], "external_methods": [], "published": [], "classes": [], "methods": [], "calls": [], "search-terms": [], "state": 2, "file_id": 3, "knowledge_revision": 46, "git_revision": "7852cf807fe5b502b36c8cd95eea00e51a26181e", "hash": "d4071d230af4470ddf65e1a8343f476d", "format-version": 4, "code-base-name": "task_scheduler_frontend", "filename": "task_scheduler_frontend/ALARM_SYSTEM.md", "revision_history": [{"46": "7852cf807fe5b502b36c8cd95eea00e51a26181e"}]}