{"is_source_file": true, "format": "JavaScript", "description": "React component for displaying an alarm notification modal related to task reminders, which shows task details, timing, priority, and action buttons.", "external_files": ["react"], "external_methods": ["React"], "published": ["AlarmNotification"], "classes": [], "methods": [{"name": "AlarmNotification({ notification, onDismiss, onViewTask })", "description": "Functional React component rendering the alarm notification modal with task information and action buttons.", "scope": "", "scopeKind": ""}], "calls": ["React", "new Date", "toLocaleString"], "search-terms": ["AlarmNotification", "React component", "task reminder modal", "alarm notification", "task details UI"], "state": 2, "file_id": 31, "knowledge_revision": 82, "git_revision": "db8ac856a71a79f8565b78a1494416bc35f1df69", "ctags": [{"_type": "tag", "name": "AlarmNotification", "path": "/home/kavia/workspace/code-generation/task-scheduler-pro-215323-215338/task_scheduler_frontend/src/components/AlarmNotification.js", "pattern": "/^export default function AlarmNotification({ notification, onDismiss, onViewTask }) {$/", "language": "JavaScript", "kind": "function", "signature": "({ notification, onDismiss, onViewTask })"}], "hash": "2ad378a414382f15a244c8717564ea85", "format-version": 4, "code-base-name": "task_scheduler_frontend", "filename": "task_scheduler_frontend/src/components/AlarmNotification.js", "revision_history": [{"82": "db8ac856a71a79f8565b78a1494416bc35f1df69"}]}