{"is_source_file": false, "format": "", "description": "", "external_files": [], "external_methods": [], "published": [], "classes": [], "methods": [], "calls": [], "search-terms": [], "state": 2, "file_id": 39, "knowledge_revision": 76, "git_revision": "69c2fc291ca65b95d9a05a32602784de94367c17", "hash": "08955fc9a7276c191fa6c67c4be1aea5", "format-version": 4, "code-base-name": "task_scheduler_frontend", "filename": "task_scheduler_frontend/IMPLEMENTATION_SUMMARY.md", "revision_history": [{"76": "69c2fc291ca65b95d9a05a32602784de94367c17"}]}