{"is_source_file": true, "format": "JavaScript (React JSX)", "description": "This file defines a React functional component 'TaskForm' used for creating or editing tasks within a task management application. It manages form state, validation, and submission logic, and renders input fields for task title, description, due date, and priority.", "external_files": ["../utils/validation"], "external_methods": ["validateRequired"], "published": ["TaskForm"], "classes": [], "methods": [{"name": "toInputDatetimeValue(isoLike)", "description": "Converts an ISO date string to a 'datetime-local' input compatible string.", "scope": "", "scopeKind": ""}, {"name": "TaskForm({ mode, initialTask, onSave, onCancel })", "scope": "", "scopeKind": "", "description": "unavailable"}], "calls": ["React.useMemo", "React.useState", "validateRequired", "setTitle", "setDescription", "setDueAt", "setPriority", "setSubmitting", "setLocalError", "onSave", "onCancel"], "search-terms": ["React form task creation", "TaskForm component", "task deadline input", "task priority select", "useMemo", "useState", "validation"], "state": 2, "file_id": 30, "knowledge_revision": 83, "git_revision": "8deac691f5e51bb1fb9bab350911ae84147cf25f", "ctags": [{"_type": "tag", "name": "TaskForm", "path": "/home/kavia/workspace/code-generation/task-scheduler-pro-215323-215338/task_scheduler_frontend/src/components/TaskForm.js", "pattern": "/^export default function TaskForm({ mode, initialTask, onSave, onCancel }) {$/", "language": "JavaScript", "kind": "function", "signature": "({ mode, initialTask, onSave, onCancel })"}, {"_type": "tag", "name": "description", "path": "/home/kavia/workspace/code-generation/task-scheduler-pro-215323-215338/task_scheduler_frontend/src/components/TaskForm.js", "pattern": "/^            value={description}$/", "language": "JavaScript", "kind": "field", "scope": "TaskForm.value", "scopeKind": "class"}, {"_type": "tag", "name": "description", "path": "/home/kavia/workspace/code-generation/task-scheduler-pro-215323-215338/task_scheduler_frontend/src/components/TaskForm.js", "pattern": "/^        description: description.trim() || null,$/", "language": "JavaScript", "kind": "property", "scope": "TaskForm.payload", "scopeKind": "class"}, {"_type": "tag", "name": "dueAt", "path": "/home/kavia/workspace/code-generation/task-scheduler-pro-215323-215338/task_scheduler_frontend/src/components/TaskForm.js", "pattern": "/^            value={dueAt}$/", "language": "JavaScript", "kind": "field", "scope": "TaskForm.value", "scopeKind": "class"}, {"_type": "tag", "name": "due_at", "path": "/home/kavia/workspace/code-generation/task-scheduler-pro-215323-215338/task_scheduler_frontend/src/components/TaskForm.js", "pattern": "/^        due_at: dueAt ? new Date(dueAt).toISOString() : null,$/", "language": "JavaScript", "kind": "property", "scope": "TaskForm.payload", "scopeKind": "class"}, {"_type": "tag", "name": "payload", "path": "/home/kavia/workspace/code-generation/task-scheduler-pro-215323-215338/task_scheduler_frontend/src/components/TaskForm.js", "pattern": "/^      const payload = {$/", "language": "JavaScript", "kind": "class", "scope": "TaskForm", "scopeKind": "class"}, {"_type": "tag", "name": "priority", "path": "/home/kavia/workspace/code-generation/task-scheduler-pro-215323-215338/task_scheduler_frontend/src/components/TaskForm.js", "pattern": "/^            value={priority}$/", "language": "JavaScript", "kind": "field", "scope": "TaskForm.value", "scopeKind": "class"}, {"_type": "tag", "name": "priority", "path": "/home/kavia/workspace/code-generation/task-scheduler-pro-215323-215338/task_scheduler_frontend/src/components/TaskForm.js", "pattern": "/^        priority: priority || \"medium\",$/", "language": "JavaScript", "kind": "property", "scope": "TaskForm.payload", "scopeKind": "class"}, {"_type": "tag", "name": "title", "path": "/home/kavia/workspace/code-generation/task-scheduler-pro-215323-215338/task_scheduler_frontend/src/components/TaskForm.js", "pattern": "/^            value={title}$/", "language": "JavaScript", "kind": "field", "scope": "TaskForm.value", "scopeKind": "class"}, {"_type": "tag", "name": "title", "path": "/home/kavia/workspace/code-generation/task-scheduler-pro-215323-215338/task_scheduler_frontend/src/components/TaskForm.js", "pattern": "/^        title: title.trim(),$/", "language": "JavaScript", "kind": "property", "scope": "TaskForm.payload", "scopeKind": "class"}, {"_type": "tag", "name": "toInputDatetimeValue", "path": "/home/kavia/workspace/code-generation/task-scheduler-pro-215323-215338/task_scheduler_frontend/src/components/TaskForm.js", "pattern": "/^function toInputDatetimeValue(isoLike) {$/", "language": "JavaScript", "kind": "function", "signature": "(isoLike)"}], "hash": "d61b4ad7d74fd9f56f6f5525c72e1ffd", "format-version": 4, "code-base-name": "task_scheduler_frontend", "filename": "task_scheduler_frontend/src/components/TaskForm.js", "fields": [{"name": "value={description}", "scope": "TaskForm.value", "scopeKind": "class", "description": "unavailable"}, {"name": "description: description.trim() || null,", "scope": "TaskForm.payload", "scopeKind": "class", "description": "unavailable"}, {"name": "value={dueAt}", "scope": "TaskForm.value", "scopeKind": "class", "description": "unavailable"}, {"name": "due_at: dueAt ? new Date(dueAt).toISOString() : null,", "scope": "TaskForm.payload", "scopeKind": "class", "description": "unavailable"}, {"name": "value={priority}", "scope": "TaskForm.value", "scopeKind": "class", "description": "unavailable"}, {"name": "priority: priority || \"medium\",", "scope": "TaskForm.payload", "scopeKind": "class", "description": "unavailable"}, {"name": "value={title}", "scope": "TaskForm.value", "scopeKind": "class", "description": "unavailable"}, {"name": "title: title.trim(),", "scope": "TaskForm.payload", "scopeKind": "class", "description": "unavailable"}], "revision_history": [{"83": "8deac691f5e51bb1fb9bab350911ae84147cf25f"}]}