{"is_source_file": false, "format": "", "description": "", "external_files": [], "external_methods": [], "published": [], "classes": [], "methods": [], "calls": [], "search-terms": [], "state": 2, "file_id": 8, "knowledge_revision": 51, "git_revision": "0f628767903c5d29f8018d6c86158c2608682179", "hash": "d9d975cebe2ec20b6c652e1e4c12ccf0", "format-version": 4, "code-base-name": "task_scheduler_frontend", "filename": "task_scheduler_frontend/public/manifest.json", "revision_history": [{"51": "0f628767903c5d29f8018d6c86158c2608682179"}]}