{"is_source_file": true, "format": "JavaScript (React JSX)", "description": "This file defines a React component called TaskTable, which renders a table of tasks with functionalities to display task details such as title, due date, priority, status, and action buttons for editing, deleting, and toggling completion status.", "external_files": ["react"], "external_methods": ["React.useMemo"], "published": ["TaskTable"], "classes": [], "methods": [{"name": "formatDue(dueAt)", "description": "Formats a due date value into a human-readable string or a placeholder if not available.", "scope": "", "scopeKind": ""}, {"name": "getPriorityPill(priority)", "description": "Returns a label and styling class for task priority levels: high, medium, low, or default.", "scope": "", "scopeKind": ""}, {"name": "getStatusPill(task)", "description": "Determines and returns the status label and style based on task completion status.", "scope": "", "scopeKind": ""}, {"name": "TaskTable({ tasks, onEdit, onDelete, onToggleComplete })", "scope": "", "scopeKind": "", "description": "unavailable"}], "calls": ["useMemo", "formatDue", "getPriorityPill", "getStatusPill"], "search-terms": ["TaskTable React component", "task list rendering", "task priority styling", "task status indicator", "task action buttons"], "state": 2, "file_id": 25, "knowledge_revision": 67, "git_revision": "8deac691f5e51bb1fb9bab350911ae84147cf25f", "ctags": [{"_type": "tag", "name": "TaskTable", "path": "/home/kavia/workspace/code-generation/task-scheduler-pro-215323-215338/task_scheduler_frontend/src/components/TaskTable.js", "pattern": "/^export default function TaskTable({ tasks, onEdit, onDelete, onToggleComplete }) {$/", "language": "JavaScript", "kind": "function", "signature": "({ tasks, onEdit, onDelete, onToggleComplete })"}, {"_type": "tag", "name": "formatDue", "path": "/home/kavia/workspace/code-generation/task-scheduler-pro-215323-215338/task_scheduler_frontend/src/components/TaskTable.js", "pattern": "/^function formatDue(dueAt) {$/", "language": "JavaScript", "kind": "function", "signature": "(dueAt)"}, {"_type": "tag", "name": "getPriorityPill", "path": "/home/kavia/workspace/code-generation/task-scheduler-pro-215323-215338/task_scheduler_frontend/src/components/TaskTable.js", "pattern": "/^function getPriorityPill(priority) {$/", "language": "JavaScript", "kind": "function", "signature": "(priority)"}, {"_type": "tag", "name": "getStatusPill", "path": "/home/kavia/workspace/code-generation/task-scheduler-pro-215323-215338/task_scheduler_frontend/src/components/TaskTable.js", "pattern": "/^function getStatusPill(task) {$/", "language": "JavaScript", "kind": "function", "signature": "(task)"}], "hash": "47a84c13c9d3e72fe42894102334cf07", "format-version": 4, "code-base-name": "task_scheduler_frontend", "filename": "task_scheduler_frontend/src/components/TaskTable.js", "revision_history": [{"67": "8deac691f5e51bb1fb9bab350911ae84147cf25f"}]}