{"is_source_file": false, "format": "", "description": "", "external_files": [], "external_methods": [], "published": [], "classes": [], "methods": [], "calls": [], "search-terms": [], "state": 2, "file_id": 38, "knowledge_revision": 85, "git_revision": "8deac691f5e51bb1fb9bab350911ae84147cf25f", "hash": "bed67676a6b2af48ab66f17e7a7a232b", "format-version": 4, "code-base-name": "task_scheduler_frontend", "filename": "task_scheduler_frontend/package.json", "revision_history": [{"85": "8deac691f5e51bb1fb9bab350911ae84147cf25f"}]}