{"is_source_file": false, "format": "", "description": "", "external_files": [], "external_methods": [], "published": [], "classes": [], "methods": [], "calls": [], "search-terms": [], "state": 2, "file_id": 35, "knowledge_revision": 70, "git_revision": "9a1b25734919838f6f939e1600f3c5f834429959", "hash": "2337c2ab67c7310a4046ad7537a164c0", "format-version": 4, "code-base-name": "task_scheduler_frontend", "filename": "task_scheduler_frontend/CHANGELOG_ALARM.md", "revision_history": [{"70": "9a1b25734919838f6f939e1600f3c5f834429959"}]}