{"is_source_file": true, "format": "JavaScript", "description": "This file defines an 'authStorage' object that provides an interface for managing authentication tokens, including getting, setting, and clearing tokens. It interacts with a mockAuth module and utilizes localStorage for persistence.", "external_files": ["./mockAuth"], "external_methods": ["mockAuth.getToken", "mockAuth.logout"], "published": ["authStorage"], "classes": [], "methods": [{"name": "getToken()", "description": "Retrieves the authentication token via the mockAuth module.", "scope": "authStorage", "scopeKind": "class"}, {"name": "setToken(token)", "description": "Stores the provided authentication token in localStorage.", "scope": "authStorage", "scopeKind": "class"}, {"name": "clearToken()", "description": "Clears the authentication token using mockAuth logout method.", "scope": "authStorage", "scopeKind": "class"}], "calls": ["mockAuth.getToken", "mockAuth.logout", "window.localStorage.setItem"], "search-terms": ["authStorage", "localStorage", "token", "mockAuth", "storage"], "state": 2, "file_id": 18, "knowledge_revision": 60, "git_revision": "7d65fe5eeb3f8cf91ef596e80370ea850702b7b6", "ctags": [{"_type": "tag", "name": "TOKEN_KEY", "path": "/home/kavia/workspace/code-generation/task-scheduler-pro-215323-215338/task_scheduler_frontend/src/auth/storage.js", "pattern": "/^const TOKEN_KEY = \"task_scheduler_token\";$/", "language": "JavaScript", "kind": "constant"}, {"_type": "tag", "name": "authStorage", "path": "/home/kavia/workspace/code-generation/task-scheduler-pro-215323-215338/task_scheduler_frontend/src/auth/storage.js", "pattern": "/^export const authStorage = {$/", "language": "JavaScript", "kind": "class"}, {"_type": "tag", "name": "clearToken", "path": "/home/kavia/workspace/code-generation/task-scheduler-pro-215323-215338/task_scheduler_frontend/src/auth/storage.js", "pattern": "/^  clearToken() {$/", "language": "JavaScript", "kind": "method", "signature": "()", "scope": "authStorage", "scopeKind": "class"}, {"_type": "tag", "name": "getToken", "path": "/home/kavia/workspace/code-generation/task-scheduler-pro-215323-215338/task_scheduler_frontend/src/auth/storage.js", "pattern": "/^  getToken() {$/", "language": "JavaScript", "kind": "method", "signature": "()", "scope": "authStorage", "scopeKind": "class"}, {"_type": "tag", "name": "setToken", "path": "/home/kavia/workspace/code-generation/task-scheduler-pro-215323-215338/task_scheduler_frontend/src/auth/storage.js", "pattern": "/^  setToken(token) {$/", "language": "JavaScript", "kind": "method", "signature": "(token)", "scope": "authStorage", "scopeKind": "class"}], "hash": "45008be062dcb389b4b9fb36a43fc20a", "format-version": 4, "code-base-name": "task_scheduler_frontend", "filename": "task_scheduler_frontend/src/auth/storage.js", "revision_history": [{"60": "7d65fe5eeb3f8cf91ef596e80370ea850702b7b6"}]}