{"is_source_file": true, "format": "JavaScript", "description": "This file provides mock task management functions for frontend testing, storing tasks in localStorage without a backend. It includes functions for retrieving, creating, updating, patching, and deleting tasks, as well as clearing user tasks.", "external_files": [], "external_methods": ["localStorage.getItem", "localStorage.setItem"], "published": ["mockTasks"], "classes": [], "methods": ["getUserTasks", "saveAllTasks", "mockTasks.getTasks", "mockTasks.createTask", "mockTasks.updateTask", "mockTasks.patchTask", "mockTasks.deleteTask", "mockTasks.clearUserTasks"], "calls": ["localStorage.getItem", "localStorage.setItem"], "search-terms": ["mock task storage", "localStorage task management", "frontend mock tasks", "task_scheduler_frontend/src/auth/mockTasks.js"], "state": 2, "file_id": 20, "knowledge_revision": 23, "git_revision": "7d65fe5eeb3f8cf91ef596e80370ea850702b7b6", "ctags": [{"_type": "tag", "name": "TASKS_KEY", "path": "/home/kavia/workspace/code-generation/task-scheduler-pro-215323-215338/task_scheduler_frontend/src/auth/mockTasks.js", "pattern": "/^const TASKS_KEY = \"task_scheduler_tasks\";$/", "language": "JavaScript", "kind": "constant"}, {"_type": "tag", "name": "clearUserTasks", "path": "/home/kavia/workspace/code-generation/task-scheduler-pro-215323-215338/task_scheduler_frontend/src/auth/mockTasks.js", "pattern": "/^  clearUserTasks(userId) {$/", "language": "JavaScript", "kind": "method", "signature": "(userId)", "scope": "mockTasks", "scopeKind": "class"}, {"_type": "tag", "name": "createTask", "path": "/home/kavia/workspace/code-generation/task-scheduler-pro-215323-215338/task_scheduler_frontend/src/auth/mockTasks.js", "pattern": "/^  createTask(userId, taskData) {$/", "language": "JavaScript", "kind": "method", "signature": "(userId, taskData)", "scope": "mockTasks", "scopeKind": "class"}, {"_type": "tag", "name": "deleteTask", "path": "/home/kavia/workspace/code-generation/task-scheduler-pro-215323-215338/task_scheduler_frontend/src/auth/mockTasks.js", "pattern": "/^  deleteTask(userId, taskId) {$/", "language": "JavaScript", "kind": "method", "signature": "(userId, taskId)", "scope": "mockTasks", "scopeKind": "class"}, {"_type": "tag", "name": "getTasks", "path": "/home/kavia/workspace/code-generation/task-scheduler-pro-215323-215338/task_scheduler_frontend/src/auth/mockTasks.js", "pattern": "/^  getTasks(userId) {$/", "language": "JavaScript", "kind": "method", "signature": "(userId)", "scope": "mockTasks", "scopeKind": "class"}, {"_type": "tag", "name": "getUserTasks", "path": "/home/kavia/workspace/code-generation/task-scheduler-pro-215323-215338/task_scheduler_frontend/src/auth/mockTasks.js", "pattern": "/^function getUserTasks(userId) {$/", "language": "JavaScript", "kind": "function", "signature": "(userId)"}, {"_type": "tag", "name": "id", "path": "/home/kavia/workspace/code-generation/task-scheduler-pro-215323-215338/task_scheduler_frontend/src/auth/mockTasks.js", "pattern": "/^        id: `task_${Date.now()}_${Math.random().toString(36).substr(2, 9)}`,$/", "language": "JavaScript", "kind": "property", "scope": "mockTasks.createTask.newTask", "scopeKind": "class"}, {"_type": "tag", "name": "mockTasks", "path": "/home/kavia/workspace/code-generation/task-scheduler-pro-215323-215338/task_scheduler_frontend/src/auth/mockTasks.js", "pattern": "/^export const mockTasks = {$/", "language": "JavaScript", "kind": "class"}, {"_type": "tag", "name": "newTask", "path": "/home/kavia/workspace/code-generation/task-scheduler-pro-215323-215338/task_scheduler_frontend/src/auth/mockTasks.js", "pattern": "/^      const newTask = {$/", "language": "JavaScript", "kind": "class", "scope": "mockTasks.createTask", "scopeKind": "class"}, {"_type": "tag", "name": "patchTask", "path": "/home/kavia/workspace/code-generation/task-scheduler-pro-215323-215338/task_scheduler_frontend/src/auth/mockTasks.js", "pattern": "/^  patchTask(userId, taskId, patch) {$/", "language": "JavaScript", "kind": "method", "signature": "(userId, taskId, patch)", "scope": "mockTasks", "scopeKind": "class"}, {"_type": "tag", "name": "saveAllTasks", "path": "/home/kavia/workspace/code-generation/task-scheduler-pro-215323-215338/task_scheduler_frontend/src/auth/mockTasks.js", "pattern": "/^function saveAllTasks(tasks) {$/", "language": "JavaScript", "kind": "function", "signature": "(tasks)"}, {"_type": "tag", "name": "updateTask", "path": "/home/kavia/workspace/code-generation/task-scheduler-pro-215323-215338/task_scheduler_frontend/src/auth/mockTasks.js", "pattern": "/^  updateTask(userId, taskId, updates) {$/", "language": "JavaScript", "kind": "method", "signature": "(userId, taskId, updates)", "scope": "mockTasks", "scopeKind": "class"}, {"_type": "tag", "name": "userId", "path": "/home/kavia/workspace/code-generation/task-scheduler-pro-215323-215338/task_scheduler_frontend/src/auth/mockTasks.js", "pattern": "/^        userId,$/", "language": "JavaScript", "kind": "field", "scope": "mockTasks.createTask.newTask", "scopeKind": "class"}], "hash": "6edfaf72a9c1f860eae532e300c55334", "format-version": 4, "code-base-name": "task_scheduler_frontend", "filename": "task_scheduler_frontend/src/auth/mockTasks.js"}