{"is_source_file": false, "format": "", "description": "", "external_files": [], "external_methods": [], "published": [], "classes": [], "methods": [], "calls": [], "search-terms": [], "state": 2, "file_id": 7, "knowledge_revision": 49, "git_revision": "0f628767903c5d29f8018d6c86158c2608682179", "hash": "be6538e7523bc2e9da0743133d784136", "format-version": 4, "code-base-name": "task_scheduler_frontend", "filename": "task_scheduler_frontend/eslint.config.mjs", "revision_history": [{"49": "0f628767903c5d29f8018d6c86158c2608682179"}]}