{"is_source_file": false, "format": "", "description": "", "external_files": [], "external_methods": [], "published": [], "classes": [], "methods": [], "calls": [], "search-terms": [], "state": 2, "file_id": 6, "knowledge_revision": 48, "git_revision": "8deac691f5e51bb1fb9bab350911ae84147cf25f", "hash": "de612f87b8bc566a5ad76e4176b99787", "format-version": 4, "code-base-name": "task_scheduler_frontend", "filename": "task_scheduler_frontend/interfaces/README.md", "revision_history": [{"48": "8deac691f5e51bb1fb9bab350911ae84147cf25f"}]}