{"is_source_file": true, "format": "JavaScript", "description": "This file contains React custom hooks for managing and retrieving theme settings in a front-end application. It manages theme persistence using localStorage, applies themes to the document, and provides theme options.", "external_files": ["react"], "external_methods": ["useEffect", "useState"], "published": ["useTheme", "getThemeOptions"], "classes": [], "methods": [{"name": "useTheme()", "description": "Custom React hook for managing theme state, persisting it with localStorage, and applying it to the document body.", "scope": "", "scopeKind": ""}, {"name": "getThemeOptions()", "description": "Function returning an array of available theme configuration objects.", "scope": "", "scopeKind": ""}], "calls": ["localStorage.getItem", "localStorage.setItem", "document.body.setAttribute"], "search-terms": ["useTheme", "getThemeOptions", "body attribute", "localStorage theme", "React hook theme"], "state": 2, "file_id": 21, "knowledge_revision": 62, "git_revision": "7ca8ff8eaed745116f545eb046e1c3a273a7ecad", "ctags": [{"_type": "tag", "name": "DEFAULT_THEME", "path": "/home/kavia/workspace/code-generation/task-scheduler-pro-215323-215338/task_scheduler_frontend/src/hooks/useTheme.js", "pattern": "/^const DEFAULT_THEME = \"retro-dark\";$/", "language": "JavaScript", "kind": "constant"}, {"_type": "tag", "name": "THEME_STORAGE_KEY", "path": "/home/kavia/workspace/code-generation/task-scheduler-pro-215323-215338/task_scheduler_frontend/src/hooks/useTheme.js", "pattern": "/^const THEME_STORAGE_KEY = \"theme_mode\";$/", "language": "JavaScript", "kind": "constant"}, {"_type": "tag", "name": "getThemeOptions", "path": "/home/kavia/workspace/code-generation/task-scheduler-pro-215323-215338/task_scheduler_frontend/src/hooks/useTheme.js", "pattern": "/^export function getThemeOptions() {$/", "language": "JavaScript", "kind": "function", "signature": "()"}, {"_type": "tag", "name": "useTheme", "path": "/home/kavia/workspace/code-generation/task-scheduler-pro-215323-215338/task_scheduler_frontend/src/hooks/useTheme.js", "pattern": "/^export function useTheme() {$/", "language": "JavaScript", "kind": "function", "signature": "()"}], "hash": "3bbeb0779ac9b73191944dec4dd9675e", "format-version": 4, "code-base-name": "task_scheduler_frontend", "filename": "task_scheduler_frontend/src/hooks/useTheme.js", "revision_history": [{"62": "7ca8ff8eaed745116f545eb046e1c3a273a7ecad"}]}