{"is_source_file": false, "format": null, "description": null, "external_files": [], "external_methods": [], "published": [], "classes": [], "methods": [], "calls": [], "search-terms": ["Settings User Guide", "Desktop notifications", "Theme Selection", "Notification Settings", "Export Settings", "Appearance Settings", "Session Information", "Pro Tips", "Troubleshooting", "Privacy & Data", "Task Scheduler Pro", "SETTINGS_USER_GUIDE.md"], "state": 2, "file_id": 34, "knowledge_revision": 68, "git_revision": "69c2fc291ca65b95d9a05a32602784de94367c17", "hash": "fa37eec7f90dbfd13679d6f1dac19ace", "format-version": 4, "code-base-name": "task_scheduler_frontend", "filename": "task_scheduler_frontend/SETTINGS_USER_GUIDE.md", "revision_history": [{"68": "69c2fc291ca65b95d9a05a32602784de94367c17"}]}