{"is_source_file": false, "format": "", "description": "", "external_files": [], "external_methods": [], "published": [], "classes": [], "methods": [], "calls": [], "search-terms": [], "state": 2, "file_id": 12, "knowledge_revision": 52, "git_revision": "8deac691f5e51bb1fb9bab350911ae84147cf25f", "hash": "0543ab60b4e8fd0624a97f5d1c766ebc", "format-version": 4, "code-base-name": "task_scheduler_frontend", "filename": "task_scheduler_frontend/src/index.css", "revision_history": [{"52": "8deac691f5e51bb1fb9bab350911ae84147cf25f"}]}