{"is_source_file": true, "format": "JavaScript", "description": "This file provides a frontend-only mock API client for a task scheduler application, simulating backend API interactions using localStorage and mock authentication and task modules.", "external_files": ["../auth/mockAuth", "../auth/mockTasks"], "external_methods": ["mockAuth.getToken", "mockAuth.getCurrentUser", "mockAuth.register", "mockAuth.login", "mockTasks.getTasks", "mockTasks.createTask", "mockTasks.updateTask", "mockTasks.patchTask", "mockTasks.deleteTask"], "published": ["getApiBaseUrl", "apiRequest"], "classes": [], "methods": [{"name": "getApiBaseUrl()", "description": "Returns a mock indicator string since the API client is frontend-only.", "scope": "", "scopeKind": ""}, {"name": "apiRequest({ path, method, headers = {}, body })", "description": "Simulates an API request handling various REST endpoints for authentication and task management, using mock modules and localStorage.", "scope": "", "scopeKind": ""}], "calls": ["mockAuth.getToken", "mockAuth.getCurrentUser", "mockAuth.register", "mockAuth.login", "mockTasks.getTasks", "mockTasks.createTask", "mockTasks.updateTask", "mockTasks.patchTask", "mockTasks.deleteTask"], "search-terms": ["frontend-only API client", "mockAuth", "mockTasks", "localStorage", "mock API"], "state": 2, "file_id": 13, "knowledge_revision": 58, "git_revision": "7d65fe5eeb3f8cf91ef596e80370ea850702b7b6", "ctags": [{"_type": "tag", "name": "apiRequest", "path": "/home/kavia/workspace/code-generation/task-scheduler-pro-215323-215338/task_scheduler_frontend/src/api/client.js", "pattern": "/^export async function apiRequest({ path, method, headers = {}, body }) {$/", "language": "JavaScript", "kind": "function", "signature": "({ path, method, headers = {}, body })"}, {"_type": "tag", "name": "getApiBaseUrl", "path": "/home/kavia/workspace/code-generation/task-scheduler-pro-215323-215338/task_scheduler_frontend/src/api/client.js", "pattern": "/^export function getApiBaseUrl() {$/", "language": "JavaScript", "kind": "function", "signature": "()"}], "hash": "0b201f9622607d01316dcee8ceadc7eb", "format-version": 4, "code-base-name": "task_scheduler_frontend", "filename": "task_scheduler_frontend/src/api/client.js", "revision_history": [{"58": "7d65fe5eeb3f8cf91ef596e80370ea850702b7b6"}]}