{"is_source_file": false, "format": "", "description": "", "external_files": [], "external_methods": [], "published": [], "classes": [], "methods": [], "calls": [], "search-terms": [], "state": 2, "file_id": 40, "knowledge_revision": 78, "git_revision": "0f628767903c5d29f8018d6c86158c2608682179", "hash": "ebece526bc2eadd78ddd787a76c56607", "format-version": 4, "code-base-name": "task_scheduler_frontend", "filename": "task_scheduler_frontend/README.md", "revision_history": [{"78": "0f628767903c5d29f8018d6c86158c2608682179"}]}