{"is_source_file": false, "format": "", "description": "", "external_files": [], "external_methods": [], "published": [], "classes": [], "methods": [], "calls": [], "search-terms": [], "state": 2, "file_id": 2, "knowledge_revision": 45, "git_revision": "69c2fc291ca65b95d9a05a32602784de94367c17", "hash": "1ec0c1f446113ce4498b835cdff99525", "format-version": 4, "code-base-name": "task_scheduler_frontend", "filename": "task_scheduler_frontend/CHANGELOG_SETTINGS.md", "revision_history": [{"45": "69c2fc291ca65b95d9a05a32602784de94367c17"}]}