{"is_source_file": true, "format": "JavaScript", "description": "Mock authentication system for frontend-only mode using localStorage for users and sessions, providing registration, login, session management, and token handling.", "external_files": [], "external_methods": ["btoa", "atob"], "published": ["mockAuth"], "classes": [], "methods": [{"name": "register({ email, password, name })", "description": "Registers a new user by storing user details in localStorage and creating a session token.", "scope": "mockAuth", "scopeKind": "class"}, {"name": "login({ email, password })", "description": "Authenticates a user with email and password, creating a session token.", "scope": "mockAuth", "scopeKind": "class"}, {"name": "logout()", "description": "Removes session tokens and session data from localStorage.", "scope": "mockAuth", "scopeKind": "class"}, {"name": "getCurrentUser()", "description": "Retrieves current user session data if valid, or null if not authenticated or expired.", "scope": "mockAuth", "scopeKind": "class"}, {"name": "isAuthenticated()", "description": "Checks if there is an active valid user session.", "scope": "mockAuth", "scopeKind": "class"}, {"name": "getToken()", "description": "Returns a valid session token if available and not expired.", "scope": "mockAuth", "scopeKind": "class"}, {"name": "decodeMockToken(token)", "scope": "", "scopeKind": "", "description": "unavailable"}, {"name": "generateMockToken(userId)", "scope": "", "scopeKind": "", "description": "unavailable"}], "calls": ["localStorage.getItem", "localStorage.setItem", "localStorage.removeItem", "JSON.parse", "JSON.stringify", "btoa", "atob", "Date.now"], "search-terms": ["mockAuth", "localStorage", "frontend-only auth", "generateMockToken", "decodeMockToken", "session"], "state": 2, "file_id": 19, "knowledge_revision": 65, "git_revision": "7d65fe5eeb3f8cf91ef596e80370ea850702b7b6", "ctags": [{"_type": "tag", "name": "SESSION_KEY", "path": "/home/kavia/workspace/code-generation/task-scheduler-pro-215323-215338/task_scheduler_frontend/src/auth/mockAuth.js", "pattern": "/^const SESSION_KEY = \"task_scheduler_session\";$/", "language": "JavaScript", "kind": "constant"}, {"_type": "tag", "name": "TOKEN_KEY", "path": "/home/kavia/workspace/code-generation/task-scheduler-pro-215323-215338/task_scheduler_frontend/src/auth/mockAuth.js", "pattern": "/^const TOKEN_KEY = \"task_scheduler_token\";$/", "language": "JavaScript", "kind": "constant"}, {"_type": "tag", "name": "USERS_KEY", "path": "/home/kavia/workspace/code-generation/task-scheduler-pro-215323-215338/task_scheduler_frontend/src/auth/mockAuth.js", "pattern": "/^const USERS_KEY = \"task_scheduler_users\";$/", "language": "JavaScript", "kind": "constant"}, {"_type": "tag", "name": "decodeMockToken", "path": "/home/kavia/workspace/code-generation/task-scheduler-pro-215323-215338/task_scheduler_frontend/src/auth/mockAuth.js", "pattern": "/^function decodeMockToken(token) {$/", "language": "JavaScript", "kind": "function", "signature": "(token)"}, {"_type": "tag", "name": "email", "path": "/home/kavia/workspace/code-generation/task-scheduler-pro-215323-215338/task_scheduler_frontend/src/auth/mockAuth.js", "pattern": "/^        email,$/", "language": "JavaScript", "kind": "field", "scope": "mockAuth.register.newUser", "scopeKind": "class"}, {"_type": "tag", "name": "generateMockToken", "path": "/home/kavia/workspace/code-generation/task-scheduler-pro-215323-215338/task_scheduler_frontend/src/auth/mockAuth.js", "pattern": "/^function generateMockToken(userId) {$/", "language": "JavaScript", "kind": "function", "signature": "(userId)"}, {"_type": "tag", "name": "getCurrentUser", "path": "/home/kavia/workspace/code-generation/task-scheduler-pro-215323-215338/task_scheduler_frontend/src/auth/mockAuth.js", "pattern": "/^  getCurrentUser() {$/", "language": "JavaScript", "kind": "method", "signature": "()", "scope": "mockAuth", "scopeKind": "class"}, {"_type": "tag", "name": "getToken", "path": "/home/kavia/workspace/code-generation/task-scheduler-pro-215323-215338/task_scheduler_frontend/src/auth/mockAuth.js", "pattern": "/^  getToken() {$/", "language": "JavaScript", "kind": "method", "signature": "()", "scope": "mockAuth", "scopeKind": "class"}, {"_type": "tag", "name": "id", "path": "/home/kavia/workspace/code-generation/task-scheduler-pro-215323-215338/task_scheduler_frontend/src/auth/mockAuth.js", "pattern": "/^        id: `user_${Date.now()}_${Math.random().toString(36).substr(2, 9)}`,$/", "language": "JavaScript", "kind": "property", "scope": "mockAuth.register.newUser", "scopeKind": "class"}, {"_type": "tag", "name": "isAuthenticated", "path": "/home/kavia/workspace/code-generation/task-scheduler-pro-215323-215338/task_scheduler_frontend/src/auth/mockAuth.js", "pattern": "/^  isAuthenticated() {$/", "language": "JavaScript", "kind": "method", "signature": "()", "scope": "mockAuth", "scopeKind": "class"}, {"_type": "tag", "name": "login", "path": "/home/kavia/workspace/code-generation/task-scheduler-pro-215323-215338/task_scheduler_frontend/src/auth/mockAuth.js", "pattern": "/^  login({ email, password }) {$/", "language": "JavaScript", "kind": "method", "signature": "({ email, password })", "scope": "mockAuth", "scopeKind": "class"}, {"_type": "tag", "name": "logout", "path": "/home/kavia/workspace/code-generation/task-scheduler-pro-215323-215338/task_scheduler_frontend/src/auth/mockAuth.js", "pattern": "/^  logout() {$/", "language": "JavaScript", "kind": "method", "signature": "()", "scope": "mockAuth", "scopeKind": "class"}, {"_type": "tag", "name": "mockAuth", "path": "/home/kavia/workspace/code-generation/task-scheduler-pro-215323-215338/task_scheduler_frontend/src/auth/mockAuth.js", "pattern": "/^export const mockAuth = {$/", "language": "JavaScript", "kind": "class"}, {"_type": "tag", "name": "newUser", "path": "/home/kavia/workspace/code-generation/task-scheduler-pro-215323-215338/task_scheduler_frontend/src/auth/mockAuth.js", "pattern": "/^      const newUser = {$/", "language": "JavaScript", "kind": "class", "scope": "mockAuth.register", "scopeKind": "class"}, {"_type": "tag", "name": "register", "path": "/home/kavia/workspace/code-generation/task-scheduler-pro-215323-215338/task_scheduler_frontend/src/auth/mockAuth.js", "pattern": "/^  register({ email, password, name }) {$/", "language": "JavaScript", "kind": "method", "signature": "({ email, password, name })", "scope": "mockAuth", "scopeKind": "class"}, {"_type": "tag", "name": "userId", "path": "/home/kavia/workspace/code-generation/task-scheduler-pro-215323-215338/task_scheduler_frontend/src/auth/mockAuth.js", "pattern": "/^  const payload = { userId, exp: Date.now() + 24 * 60 * 60 * 1000 }; \\/\\/ 24h expiry$/", "language": "JavaScript", "kind": "field", "scope": "generateMockToken.payload", "scopeKind": "class"}], "hash": "a81650e4b2831174b3fc351c5b69f57c", "format-version": 4, "code-base-name": "task_scheduler_frontend", "filename": "task_scheduler_frontend/src/auth/mockAuth.js", "fields": [{"name": "email,", "scope": "mockAuth.register.newUser", "scopeKind": "class", "description": "unavailable"}, {"name": "id: `user_${Date.now()}_${Math.random().toString(36).substr(2, 9)}`,", "scope": "mockAuth.register.newUser", "scopeKind": "class", "description": "unavailable"}, {"name": "const payload = { userId, exp: Date.now() + 24 * 60 * 60 * 1000 }; \\/\\/ 24h expiry", "scope": "generateMockToken.payload", "scopeKind": "class", "description": "unavailable"}], "revision_history": [{"65": "7d65fe5eeb3f8cf91ef596e80370ea850702b7b6"}]}