{"is_source_file": true, "format": "JavaScript (React JSX)", "description": "This file serves as the entry point for a React-based frontend application, initializing the root element and rendering the main App component within React.StrictMode.", "external_files": ["react", "react-dom/client", "./index.css", "./App"], "external_methods": ["ReactDOM.createRoot", "ReactDOM.createRoot().render"], "published": ["React", "ReactDOM", "root"], "classes": [], "methods": [{"name": "render", "description": "Renders React elements into the root."}], "calls": ["ReactDOM.createRoot", "root.render", "React.StrictMode", "<App />"], "search-terms": ["index.js", "ReactDOM", "React.StrictMode", "App component", "React entry point"], "state": 2, "file_id": 23, "knowledge_revision": 64, "git_revision": "0f628767903c5d29f8018d6c86158c2608682179", "ctags": [{"_type": "tag", "name": "root", "path": "/home/kavia/workspace/code-generation/task-scheduler-pro-215323-215338/task_scheduler_frontend/src/index.js", "pattern": "/^const root = ReactDOM.createRoot(document.getElementById('root'));$/", "language": "JavaScript", "kind": "constant"}], "hash": "9fc5841375336fc175b49f8767a11383", "format-version": 4, "code-base-name": "task_scheduler_frontend", "filename": "task_scheduler_frontend/src/index.js", "revision_history": [{"64": "0f628767903c5d29f8018d6c86158c2608682179"}]}