{"is_source_file": true, "format": "JavaScript", "description": "This file provides an AudioService class for managing audio playback using the HTML5 Audio API, including functions to play, stop, and control volume of alarm sounds.", "external_files": ["/assets/alarm.mp3"], "external_methods": [], "published": ["AudioService", "audioService"], "classes": [{"name": "AudioService", "description": "A service class for playing, looping, stopping, and managing alarm audio using the HTML5 Audio API."}], "methods": [{"name": "constructor()", "description": "Initializes the AudioService instance with default properties.", "scope": "AudioService", "scopeKind": "class"}, {"name": "play(audioPath = \"/assets/alarm.mp3\", loop = false)", "description": "Plays an audio file from the specified path, optionally looping the sound.", "scope": "AudioService", "scopeKind": "class"}, {"name": "stop()", "description": "Stops the current audio playback and resets the state.", "scope": "AudioService", "scopeKind": "class"}, {"name": "getIsPlaying()", "description": "Returns whether an audio track is currently playing.", "scope": "AudioService", "scopeKind": "class"}, {"name": "setVolume(volume)", "description": "Sets the volume level for the audio playback.", "scope": "AudioService", "scopeKind": "class"}], "calls": ["this.audio.play()", "this.audio.pause()", "this.audio.currentTime = 0", "this.audio.addEventListener('ended', ...)", "this.audio.addEventListener('error', ...)"], "search-terms": ["AudioService", "HTML5 Audio API", "play alarm sound", "loop audio", "stop audio", "volume control", "audio playback"], "state": 2, "file_id": 16, "knowledge_revision": 61, "git_revision": "9a1b25734919838f6f939e1600f3c5f834429959", "ctags": [{"_type": "tag", "name": "AudioService", "path": "/home/kavia/workspace/code-generation/task-scheduler-pro-215323-215338/task_scheduler_frontend/src/services/audioService.js", "pattern": "/^export class AudioService {$/", "language": "JavaScript", "kind": "class"}, {"_type": "tag", "name": "audioService", "path": "/home/kavia/workspace/code-generation/task-scheduler-pro-215323-215338/task_scheduler_frontend/src/services/audioService.js", "pattern": "/^export const audioService = new AudioService();$/", "language": "JavaScript", "kind": "constant"}, {"_type": "tag", "name": "constructor", "path": "/home/kavia/workspace/code-generation/task-scheduler-pro-215323-215338/task_scheduler_frontend/src/services/audioService.js", "pattern": "/^  constructor() {$/", "language": "JavaScript", "kind": "method", "signature": "()", "scope": "AudioService", "scopeKind": "class"}, {"_type": "tag", "name": "getIsPlaying", "path": "/home/kavia/workspace/code-generation/task-scheduler-pro-215323-215338/task_scheduler_frontend/src/services/audioService.js", "pattern": "/^  getIsPlaying() {$/", "language": "JavaScript", "kind": "method", "signature": "()", "scope": "AudioService", "scopeKind": "class"}, {"_type": "tag", "name": "play", "path": "/home/kavia/workspace/code-generation/task-scheduler-pro-215323-215338/task_scheduler_frontend/src/services/audioService.js", "pattern": "/^  async play(audioPath = \"\\/assets\\/alarm.mp3\", loop = false) {$/", "language": "JavaScript", "kind": "method", "signature": "(audioPath = \"/assets/alarm.mp3\", loop = false)", "scope": "AudioService", "scopeKind": "class"}, {"_type": "tag", "name": "setVolume", "path": "/home/kavia/workspace/code-generation/task-scheduler-pro-215323-215338/task_scheduler_frontend/src/services/audioService.js", "pattern": "/^  setVolume(volume) {$/", "language": "JavaScript", "kind": "method", "signature": "(volume)", "scope": "AudioService", "scopeKind": "class"}, {"_type": "tag", "name": "stop", "path": "/home/kavia/workspace/code-generation/task-scheduler-pro-215323-215338/task_scheduler_frontend/src/services/audioService.js", "pattern": "/^  stop() {$/", "language": "JavaScript", "kind": "method", "signature": "()", "scope": "AudioService", "scopeKind": "class"}], "hash": "42afc874b0defef2298120d77de17b7e", "format-version": 4, "code-base-name": "task_scheduler_frontend", "filename": "task_scheduler_frontend/src/services/audioService.js", "revision_history": [{"61": "9a1b25734919838f6f939e1600f3c5f834429959"}]}