{"is_source_file": false, "format": "", "description": "", "external_files": [], "external_methods": [], "published": [], "classes": [], "methods": [], "calls": [], "search-terms": [], "state": 2, "file_id": 41, "knowledge_revision": 80, "git_revision": "69c2fc291ca65b95d9a05a32602784de94367c17", "hash": "30c140e74dd19f219d8a132fa8d68d04", "format-version": 4, "code-base-name": "task_scheduler_frontend", "filename": "task_scheduler_frontend/SETTINGS_ENHANCEMENT.md", "revision_history": [{"80": "69c2fc291ca65b95d9a05a32602784de94367c17"}]}