{"is_source_file": false, "format": "", "description": "", "external_files": [], "external_methods": [], "published": [], "classes": [], "methods": [], "calls": [], "search-terms": [], "state": 2, "file_id": 24, "knowledge_revision": 59, "git_revision": "7ca8ff8eaed745116f545eb046e1c3a273a7ecad", "hash": "2d72cf768d9dd0feaa57e12360064a51", "format-version": 4, "code-base-name": "task_scheduler_frontend", "filename": "task_scheduler_frontend/src/App.css", "revision_history": [{"59": "7ca8ff8eaed745116f545eb046e1c3a273a7ecad"}]}