{"is_source_file": true, "format": "JavaScript (React JSX)", "description": "React component for configuring notification and alarm preferences in a task scheduler application.", "external_files": ["react", "react-dom"], "external_methods": ["React.useState", "React.useEffect", "Notification.requestPermission", "Notification.permission", "Notification"], "published": [], "classes": [], "methods": [{"name": "NotificationSettings({ settings, onSave, onClose, onTestAlarm })", "description": "React functional component providing a modal to configure notification settings, including browser notification permissions, alarm sounds, and notification timings.", "scope": "", "scopeKind": ""}, {"name": "handleRequestPermission", "description": "Requests permission from the browser to show desktop notifications, handling user responses and showing relevant alerts."}, {"name": "getPermissionStatusText", "description": "Returns a user-friendly string describing current notification permission status."}, {"name": "handleSave", "description": "Gathers current settings state and invokes the onSave callback with the updated configuration."}], "calls": ["Notification.requestPermission", "new Notification"], "search-terms": ["NotificationSettings", "browser notifications", "React useState", "React useEffect", "permission", "alarm preferences"], "state": 2, "file_id": 27, "knowledge_revision": 74, "git_revision": "4ea26ed92f73fbe60d134fcf5c64fec8f6129a27", "ctags": [{"_type": "tag", "name": "NotificationSettings", "path": "/home/kavia/workspace/code-generation/task-scheduler-pro-215323-215338/task_scheduler_frontend/src/components/NotificationSettings.js", "pattern": "/^export default function NotificationSettings({ settings, onSave, onClose, onTestAlarm }) {$/", "language": "JavaScript", "kind": "function", "signature": "({ settings, onSave, onClose, onTestAlarm })"}, {"_type": "tag", "name": "desktopNotifications", "path": "/home/kavia/workspace/code-generation/task-scheduler-pro-215323-215338/task_scheduler_frontend/src/components/NotificationSettings.js", "pattern": "/^              checked={desktopNotifications}$/", "language": "JavaScript", "kind": "field", "scope": "checked", "scopeKind": "class"}, {"_type": "tag", "name": "enabled", "path": "/home/kavia/workspace/code-generation/task-scheduler-pro-215323-215338/task_scheduler_frontend/src/components/NotificationSettings.js", "pattern": "/^              checked={enabled}$/", "language": "JavaScript", "kind": "field", "scope": "NotificationSettings.checked", "scopeKind": "class"}, {"_type": "tag", "name": "loopSound", "path": "/home/kavia/workspace/code-generation/task-scheduler-pro-215323-215338/task_scheduler_frontend/src/components/NotificationSettings.js", "pattern": "/^              checked={loopSound}$/", "language": "JavaScript", "kind": "field", "scope": "checked", "scopeKind": "class"}, {"_type": "tag", "name": "notifyMinutesBefore", "path": "/home/kavia/workspace/code-generation/task-scheduler-pro-215323-215338/task_scheduler_frontend/src/components/NotificationSettings.js", "pattern": "/^            value={notifyMinutesBefore}$/", "language": "JavaScript", "kind": "field", "scope": "value", "scopeKind": "class"}, {"_type": "tag", "name": "onTestAlarm", "path": "/home/kavia/workspace/code-generation/task-scheduler-pro-215323-215338/task_scheduler_frontend/src/components/NotificationSettings.js", "pattern": "/^            onClick={onTestAlarm}$/", "language": "JavaScript", "kind": "field", "scope": "onClick", "scopeKind": "class"}, {"_type": "tag", "name": "soundEnabled", "path": "/home/kavia/workspace/code-generation/task-scheduler-pro-215323-215338/task_scheduler_frontend/src/components/NotificationSettings.js", "pattern": "/^              checked={soundEnabled}$/", "language": "JavaScript", "kind": "field", "scope": "checked", "scopeKind": "class"}], "hash": "d12bdae1f6031e03b1cae289e0c4db55", "format-version": 4, "code-base-name": "task_scheduler_frontend", "filename": "task_scheduler_frontend/src/components/NotificationSettings.js", "fields": [{"name": "checked={desktopNotifications}", "scope": "checked", "scopeKind": "class", "description": "unavailable"}, {"name": "checked={enabled}", "scope": "NotificationSettings.checked", "scopeKind": "class", "description": "unavailable"}, {"name": "checked={loopSound}", "scope": "checked", "scopeKind": "class", "description": "unavailable"}, {"name": "value={notifyMinutesBefore}", "scope": "value", "scopeKind": "class", "description": "unavailable"}, {"name": "onClick={onTestAlarm}", "scope": "onClick", "scopeKind": "class", "description": "unavailable"}, {"name": "checked={soundEnabled}", "scope": "checked", "scopeKind": "class", "description": "unavailable"}], "revision_history": [{"74": "4ea26ed92f73fbe60d134fcf5c64fec8f6129a27"}]}