{"is_source_file": false, "format": "", "description": "", "external_files": [], "external_methods": [], "published": [], "classes": [], "methods": [], "calls": [], "search-terms": [], "state": 2, "file_id": 33, "knowledge_revision": 81, "git_revision": "0f628767903c5d29f8018d6c86158c2608682179", "ctags": [], "hash": "1a77571e1a8cf36018a41bcedf60db75", "format-version": 4, "code-base-name": "task_scheduler_frontend", "filename": "task_scheduler_frontend/src/setupTests.js", "revision_history": [{"81": "0f628767903c5d29f8018d6c86158c2608682179"}]}