{"is_source_file": true, "format": "JavaScript (React JSX)", "description": "This file is the main front-end component for a task scheduler web application built with React. It manages authentication, task CRUD operations, theme selection, notifications, and user interface rendering, acting as the primary application entry point and container component.", "external_files": ["./api/client", "./hooks/useTheme", "./auth/storage", "./utils/validation", "./components/ToastStack", "./components/Modal", "./components/TaskForm", "./components/Sidebar", "./components/TaskTable", "./components/AlarmNotification", "./pages/Settings", "./services/notificationScheduler"], "external_methods": ["getApiBaseUrl", "apiRequest", "useTheme", "authStorage.getToken", "authStorage.clearToken", "validateEmail", "validatePassword", "validateRequired", "notificationScheduler.getSettings", "notificationScheduler.start", "notificationScheduler.stop", "notificationScheduler.updateSettings", "notificationScheduler.testAlarm", "notificationScheduler.requestPermission", "notificationScheduler.shouldPromptForPermission"], "published": ["App", "AuthScreen"], "classes": [], "methods": [{"name": "toastReducer(state, action)", "description": "Reducer function to manage toast notifications state, handling adding, removing, and clearing toasts.", "scope": "", "scopeKind": ""}, {"name": "refreshTasks", "description": "Fetches the list of tasks from the backend API and updates state accordingly."}, {"name": "onLogout", "description": "Clears authentication token and resets user state, navigating back to login."}, {"name": "openCreateTask", "description": "Opens the modal to create a new task."}, {"name": "openEditTask", "description": "Opens the modal to edit an existing task."}, {"name": "requestDeleteTask", "description": "Sets the task to be deleted, prompting user confirmation."}, {"name": "handleAuth", "description": "Handles user login/signup, communicates with backend, and updates auth state."}, {"name": "handleSaveTask", "description": "Saves a new or edited task by calling API and updating local state."}, {"name": "handleToggleComplete", "description": "Toggles task completion status, updates server, and manages optimistic UI updates."}, {"name": "handleConfirmDelete", "description": "Deletes a task after user confirmation, updates server, and refreshes task list."}, {"name": "onSwitchAuthMode", "description": "Switches between login and signup modes."}, {"name": "handleDismissAlarm", "description": "Handles dismissal of active alarm notifications."}, {"name": "handleViewAlarmTask", "description": "Opens the task associated with an alarm notification."}, {"name": "handleSaveNotificationSettings", "description": "Updates notification preferences and saves them to the scheduler."}, {"name": "handleTestAlarm", "description": "Triggers a test alarm sound through the notification scheduler."}, {"name": "handleEnableDesktopNotifications", "description": "Requests permission for desktop notifications and updates UI accordingly."}, {"name": "handleDismissPermissionPrompt", "description": "Dismisses the notification permission prompt."}, {"name": "App()", "scope": "", "scopeKind": "", "description": "unavailable"}, {"name": "AuthScreen({ route, onAuth, onToggleMode })", "scope": "", "scopeKind": "", "description": "unavailable"}, {"name": "loadMe()", "scope": "App", "scopeKind": "function", "description": "unavailable"}], "calls": ["useEffect", "setRoute", "setAuthToken", "setMe", "setTasks", "setTasksLoading", "setTasksError", "setQuery", "setFilterStatus", "setFilterPriority", "setTaskModalOpen", "setTaskModalMode", "setActiveTask", "setConfirmDeleteTask", "setAlarmNotification", "setNotificationSettings", "setShowPermissionPrompt", "addToast", "authedHeaders", "refreshTasks", "authStorage.getToken", "authStorage.clearToken", "apiRequest", "getApiBaseUrl", "useTheme", "notificationScheduler.start", "notificationScheduler.stop", "notificationScheduler.getSettings", "notificationScheduler.updateSettings", "notificationScheduler.testAlarm", "notificationScheduler.requestPermission", "notificationScheduler.shouldPromptForPermission"], "search-terms": ["React", "Task Scheduler", "Authentication", "Theme", "Notifications", "Task CRUD", "State Management", "UI Modal", "Task List", "Alarm Notification", "Configuration", "API integration", "Frontend App", "Task Filtering"], "state": 2, "file_id": 32, "knowledge_revision": 84, "git_revision": "7ca8ff8eaed745116f545eb046e1c3a273a7ecad", "ctags": [{"_type": "tag", "name": "App", "path": "/home/kavia/workspace/code-generation/task-scheduler-pro-215323-215338/task_scheduler_frontend/src/App.js", "pattern": "/^function App() {$/", "language": "JavaScript", "kind": "function", "signature": "()"}, {"_type": "tag", "name": "AuthScreen", "path": "/home/kavia/workspace/code-generation/task-scheduler-pro-215323-215338/task_scheduler_frontend/src/App.js", "pattern": "/^function AuthScreen({ route, onAuth, onToggleMode }) {$/", "language": "JavaScript", "kind": "function", "signature": "({ route, onAuth, onToggleMode })"}, {"_type": "tag", "name": "DASHBOARD", "path": "/home/kavia/workspace/code-generation/task-scheduler-pro-215323-215338/task_scheduler_frontend/src/App.js", "pattern": "/^  DASHBOARD: \"dashboard\",$/", "language": "JavaScript", "kind": "property", "scope": "ROUTES", "scopeKind": "class"}, {"_type": "tag", "name": "LOGIN", "path": "/home/kavia/workspace/code-generation/task-scheduler-pro-215323-215338/task_scheduler_frontend/src/App.js", "pattern": "/^  LOGIN: \"login\",$/", "language": "JavaScript", "kind": "property", "scope": "ROUTES", "scopeKind": "class"}, {"_type": "tag", "name": "ROUTES", "path": "/home/kavia/workspace/code-generation/task-scheduler-pro-215323-215338/task_scheduler_frontend/src/App.js", "pattern": "/^const ROUTES = {$/", "language": "JavaScript", "kind": "class"}, {"_type": "tag", "name": "SETTINGS", "path": "/home/kavia/workspace/code-generation/task-scheduler-pro-215323-215338/task_scheduler_frontend/src/App.js", "pattern": "/^  SETTINGS: \"settings\",$/", "language": "JavaScript", "kind": "property", "scope": "ROUTES", "scopeKind": "class"}, {"_type": "tag", "name": "SIGNUP", "path": "/home/kavia/workspace/code-generation/task-scheduler-pro-215323-215338/task_scheduler_frontend/src/App.js", "pattern": "/^  SIGNUP: \"signup\",$/", "language": "JavaScript", "kind": "property", "scope": "ROUTES", "scopeKind": "class"}, {"_type": "tag", "name": "autoComplete", "path": "/home/kavia/workspace/code-generation/task-scheduler-pro-215323-215338/task_scheduler_frontend/src/App.js", "pattern": "/^              autoComplete={mode === \"signup\" ? \"new-password\" : \"current-password\"}$/", "language": "JavaScript", "kind": "class", "scope": "AuthScreen", "scopeKind": "class"}, {"_type": "tag", "name": "email", "path": "/home/kavia/workspace/code-generation/task-scheduler-pro-215323-215338/task_scheduler_frontend/src/App.js", "pattern": "/^              value={email}$/", "language": "JavaScript", "kind": "field", "scope": "AuthScreen.value", "scopeKind": "class"}, {"_type": "tag", "name": "initialToasts", "path": "/home/kavia/workspace/code-generation/task-scheduler-pro-215323-215338/task_scheduler_frontend/src/App.js", "pattern": "/^const initialToasts = [];$/", "language": "JavaScript", "kind": "constant"}, {"_type": "tag", "name": "loadMe", "path": "/home/kavia/workspace/code-generation/task-scheduler-pro-215323-215338/task_scheduler_frontend/src/App.js", "pattern": "/^    async function loadMe() {$/", "language": "JavaScript", "kind": "function", "signature": "()", "scope": "App", "scopeKind": "function"}, {"_type": "tag", "name": "mode", "path": "/home/kavia/workspace/code-generation/task-scheduler-pro-215323-215338/task_scheduler_frontend/src/App.js", "pattern": "/^              autoComplete={mode === \"signup\" ? \"new-password\" : \"current-password\"}$/", "language": "JavaScript", "kind": "property", "scope": "AuthScreen.autoComplete", "scopeKind": "class"}, {"_type": "tag", "name": "neon-purple", "path": "/home/kavia/workspace/code-generation/task-scheduler-pro-215323-215338/task_scheduler_frontend/src/App.js", "pattern": "/^      \"neon-purple\": \"Neon Purple\"$/", "language": "JavaScript", "kind": "property", "scope": "App.themeNames", "scopeKind": "class"}, {"_type": "tag", "name": "password", "path": "/home/kavia/workspace/code-generation/task-scheduler-pro-215323-215338/task_scheduler_frontend/src/App.js", "pattern": "/^              value={password}$/", "language": "JavaScript", "kind": "field", "scope": "AuthScreen.value", "scopeKind": "class"}, {"_type": "tag", "name": "retro-dark", "path": "/home/kavia/workspace/code-generation/task-scheduler-pro-215323-215338/task_scheduler_frontend/src/App.js", "pattern": "/^      \"retro-dark\": \"Dark Retro\",$/", "language": "JavaScript", "kind": "property", "scope": "App.themeNames", "scopeKind": "class"}, {"_type": "tag", "name": "retro-light", "path": "/home/kavia/workspace/code-generation/task-scheduler-pro-215323-215338/task_scheduler_frontend/src/App.js", "pattern": "/^      \"retro-light\": \"Light Retro\",$/", "language": "JavaScript", "kind": "property", "scope": "App.themeNames", "scopeKind": "class"}, {"_type": "tag", "name": "themeNames", "path": "/home/kavia/workspace/code-generation/task-scheduler-pro-215323-215338/task_scheduler_frontend/src/App.js", "pattern": "/^    const themeNames = {$/", "language": "JavaScript", "kind": "class", "scope": "App", "scopeKind": "class"}, {"_type": "tag", "name": "toastReducer", "path": "/home/kavia/workspace/code-generation/task-scheduler-pro-215323-215338/task_scheduler_frontend/src/App.js", "pattern": "/^function toastReducer(state, action) {$/", "language": "JavaScript", "kind": "function", "signature": "(state, action)"}, {"_type": "tag", "name": "toasts", "path": "/home/kavia/workspace/code-generation/task-scheduler-pro-215323-215338/task_scheduler_frontend/src/App.js", "pattern": "/^        toasts={toasts}$/", "language": "JavaScript", "kind": "field", "scope": "App.toasts", "scopeKind": "class"}], "hash": "71f57ad918ac57f481ed5d6b40e732b3", "format-version": 4, "code-base-name": "task_scheduler_frontend", "filename": "task_scheduler_frontend/src/App.js", "fields": [{"name": "DASHBOARD: \"dashboard\",", "scope": "ROUTES", "scopeKind": "class", "description": "unavailable"}, {"name": "LOGIN: \"login\",", "scope": "ROUTES", "scopeKind": "class", "description": "unavailable"}, {"name": "SETTINGS: \"settings\",", "scope": "ROUTES", "scopeKind": "class", "description": "unavailable"}, {"name": "SIGNUP: \"signup\",", "scope": "ROUTES", "scopeKind": "class", "description": "unavailable"}, {"name": "value={email}", "scope": "AuthScreen.value", "scopeKind": "class", "description": "unavailable"}, {"name": "autoComplete={mode === \"signup\" ? \"new-password\" : \"current-password\"}", "scope": "AuthScreen.autoComplete", "scopeKind": "class", "description": "unavailable"}, {"name": "\"neon-purple\": \"Neon Purple\"", "scope": "App.themeNames", "scopeKind": "class", "description": "unavailable"}, {"name": "value={password}", "scope": "AuthScreen.value", "scopeKind": "class", "description": "unavailable"}, {"name": "\"retro-dark\": \"Dark Retro\",", "scope": "App.themeNames", "scopeKind": "class", "description": "unavailable"}, {"name": "\"retro-light\": \"Light Retro\",", "scope": "App.themeNames", "scopeKind": "class", "description": "unavailable"}, {"name": "toasts={toasts}", "scope": "App.toasts", "scopeKind": "class", "description": "unavailable"}], "revision_history": [{"84": "7ca8ff8eaed745116f545eb046e1c3a273a7ecad"}]}