{"is_source_file": true, "format": "JavaScript", "description": "This file provides contract definitions and documentation for a frontend-only task scheduler application that operates with mock backend endpoints using localStorage for data persistence. It details API endpoints, data structures (task shape), and storage keys used within the client-side environment.", "external_files": ["src/api/client.js"], "external_methods": ["src/api/client.js functions (e.g. mock API handlers)"], "published": [], "classes": [], "methods": [], "calls": [], "search-terms": ["task_scheduler_frontend", "localStorage", "mock auth endpoints", "mock task endpoints", "client-side data storage", "task shape", "task_scheduler_users", "task_scheduler_tasks", "task_scheduler_session", "task_scheduler_token"], "state": 2, "file_id": 14, "knowledge_revision": 57, "git_revision": "7d65fe5eeb3f8cf91ef596e80370ea850702b7b6", "ctags": [], "hash": "1000645f8590b08b3641abaf488a6e13", "format-version": 4, "code-base-name": "task_scheduler_frontend", "filename": "task_scheduler_frontend/src/api/contracts.js", "revision_history": [{"57": "7d65fe5eeb3f8cf91ef596e80370ea850702b7b6"}]}