{"is_source_file": true, "format": "JavaScript (React JSX)", "description": "This is a React functional component named Sidebar which renders a sidebar UI including operator info, task stats, filters, and tips. It interacts with props such as me, stats, filterStatus, filterPriority, setFilterStatus, setFilterPriority, onNewTask.", "external_files": [], "external_methods": [], "published": ["Sidebar"], "classes": [], "methods": [{"name": "Sidebar({ me, stats, filterStatus, filterPriority, setFilterStatus, setFilterPriority, onNewTask, })", "description": "React functional component rendering a sidebar with operator info, stats, filters, and tips.", "scope": "", "scopeKind": ""}], "calls": ["React"], "search-terms": ["Sidebar", "React functional component", "operator info", "task stats", "filter dropdowns", "onNewTask handler", "props"], "state": 2, "file_id": 29, "knowledge_revision": 66, "git_revision": "8deac691f5e51bb1fb9bab350911ae84147cf25f", "ctags": [{"_type": "tag", "name": "Sidebar", "path": "/home/kavia/workspace/code-generation/task-scheduler-pro-215323-215338/task_scheduler_frontend/src/components/Sidebar.js", "pattern": "/^export default function Sidebar({$/", "language": "JavaScript", "kind": "function", "signature": "({ me, stats, filterStatus, filterPriority, setFilterStatus, setFilterPriority, onNewTask, })"}, {"_type": "tag", "name": "filterPriority", "path": "/home/kavia/workspace/code-generation/task-scheduler-pro-215323-215338/task_scheduler_frontend/src/components/Sidebar.js", "pattern": "/^            value={filterPriority}$/", "language": "JavaScript", "kind": "field", "scope": "Sidebar.value", "scopeKind": "class"}, {"_type": "tag", "name": "filterStatus", "path": "/home/kavia/workspace/code-generation/task-scheduler-pro-215323-215338/task_scheduler_frontend/src/components/Sidebar.js", "pattern": "/^            value={filterStatus}$/", "language": "JavaScript", "kind": "field", "scope": "Sidebar.value", "scopeKind": "class"}], "hash": "09b935ed53407840bf3d0edc9889697b", "format-version": 4, "code-base-name": "task_scheduler_frontend", "filename": "task_scheduler_frontend/src/components/Sidebar.js", "fields": [{"name": "value={filterPriority}", "scope": "Sidebar.value", "scopeKind": "class", "description": "unavailable"}, {"name": "value={filterStatus}", "scope": "Sidebar.value", "scopeKind": "class", "description": "unavailable"}], "revision_history": [{"66": "8deac691f5e51bb1fb9bab350911ae84147cf25f"}]}