{"is_source_file": false, "format": "", "description": "", "external_files": [], "external_methods": [], "published": [], "classes": [], "methods": [], "calls": [], "search-terms": ["CSS variables", "themes", "retro-dark", "retro-light", "CSS theme"], "state": 2, "file_id": 15, "knowledge_revision": 54, "git_revision": "7ca8ff8eaed745116f545eb046e1c3a273a7ecad", "hash": "7c6350a3cfc54dffe1f55ae7fbef6623", "format-version": 4, "code-base-name": "task_scheduler_frontend", "filename": "task_scheduler_frontend/src/theme.css", "revision_history": [{"54": "7ca8ff8eaed745116f545eb046e1c3a273a7ecad"}]}