{"is_source_file": false, "format": "", "description": "", "external_files": [], "external_methods": [], "published": [], "classes": [], "methods": [], "calls": [], "search-terms": [], "state": 2, "file_id": 36, "knowledge_revision": 71, "git_revision": "69c2fc291ca65b95d9a05a32602784de94367c17", "hash": "51b029b4601c3e66746824861be3f92a", "format-version": 4, "code-base-name": "task_scheduler_frontend", "filename": "task_scheduler_frontend/verify_settings.sh", "revision_history": [{"71": "69c2fc291ca65b95d9a05a32602784de94367c17"}]}