{"is_source_file": true, "format": "JavaScript (React component)", "description": "This file defines a React functional component named ToastStack which manages a stack of toast notifications, handling their display, auto-dismissal after a specified TTL, and manual dismissal via a close button.", "external_files": [], "external_methods": ["window.setTimeout", "window.clearTimeout"], "published": [], "classes": [], "methods": [{"name": "ToastStack({ toasts, onDismiss })", "description": "React functional component that displays a stack of toast notifications with auto-dismiss functionality based on TTL (time to live).", "scope": "", "scopeKind": ""}], "calls": ["useEffect", "window.setTimeout", "window.clearTimeout", "onDismiss"], "search-terms": ["ToastStack", "React", "toast notifications", "auto-dismiss", "ttlMs", "dismiss"], "state": 2, "file_id": 26, "knowledge_revision": 63, "git_revision": "8deac691f5e51bb1fb9bab350911ae84147cf25f", "ctags": [{"_type": "tag", "name": "ToastStack", "path": "/home/kavia/workspace/code-generation/task-scheduler-pro-215323-215338/task_scheduler_frontend/src/components/ToastStack.js", "pattern": "/^export default function ToastStack({ toasts, onDismiss }) {$/", "language": "JavaScript", "kind": "function", "signature": "({ toasts, onDismiss })"}], "hash": "97e5f378f306c73475c12710d9795e54", "format-version": 4, "code-base-name": "task_scheduler_frontend", "filename": "task_scheduler_frontend/src/components/ToastStack.js", "revision_history": [{"63": "8deac691f5e51bb1fb9bab350911ae84147cf25f"}]}