{"is_source_file": true, "format": "JavaScript", "description": "This is a React component implementing a settings page for a task scheduler web application, including various settings for profile, appearance, and notifications.", "external_files": ["../components/NotificationSettings", "../hooks/useTheme"], "external_methods": ["getThemeOptions"], "published": [], "classes": [], "methods": [{"name": "Settings({ notificationSettings, onSaveNotificationSettings, onTestAlarm, onBack, currentTheme, onThemeChange })", "description": "Main React functional component for the Settings page, handling state management and rendering for general, appearance, and notification tabs.", "scope": "", "scopeKind": ""}, {"name": "formatDateTime", "description": "Formats an ISO timestamp string into a locale-specific string."}, {"name": "getSessionDuration", "description": "Calculates and returns the session duration in a human-readable format."}, {"name": "handleThemeChange", "description": "Handles theme change events, invoking the callback passed via props."}, {"name": "handleAnimationsToggle", "description": "Toggles the animations setting and updates local storage accordingly."}, {"name": "handleCompactModeToggle", "description": "Toggles the compact mode setting and updates local storage."}, {"name": "handleProfileUpdate", "description": "Saves updated profile information to local storage and shows a confirmation alert."}], "calls": ["getThemeOptions()", "localStorage.getItem()", "localStorage.setItem()", "alert()", "window.confirm()", "localStorage.clear()", "document.createElement()", "URL.createObjectURL()", "a.click()", "URL.revokeObjectURL()"], "search-terms": ["SettingsPage React component", "Theme Selection", "Profile Management", "Appearance Customization", "Notification Settings", "localStorage management", "session info display"], "state": 2, "file_id": 22, "knowledge_revision": 72, "git_revision": "7ca8ff8eaed745116f545eb046e1c3a273a7ecad", "ctags": [{"_type": "tag", "name": "Settings", "path": "/home/kavia/workspace/code-generation/task-scheduler-pro-215323-215338/task_scheduler_frontend/src/pages/Settings.js", "pattern": "/^export default function Settings({ $/", "language": "JavaScript", "kind": "function", "signature": "({ notificationSettings, onSaveNotificationSettings, onTestAlarm, onBack, currentTheme, onThemeChange })"}, {"_type": "tag", "name": "onBack", "path": "/home/kavia/workspace/code-generation/task-scheduler-pro-215323-215338/task_scheduler_frontend/src/pages/Settings.js", "pattern": "/^            onClick={onBack}$/", "language": "JavaScript", "kind": "field", "scope": "Settings.onClick", "scopeKind": "class"}, {"_type": "tag", "name": "settings-nav-item ${activeTab === \"appearance\" ? \"active\" : \"\"}", "path": "/home/kavia/workspace/code-generation/task-scheduler-pro-215323-215338/task_scheduler_frontend/src/pages/Settings.js", "pattern": "/^              className={`settings-nav-item ${activeTab === \"appearance\" ? \"active\" : \"\"}`}$/", "language": "JavaScript", "kind": "field", "scope": "Settings.className", "scopeKind": "class"}, {"_type": "tag", "name": "settings-nav-item ${activeTab === \"general\" ? \"active\" : \"\"}", "path": "/home/kavia/workspace/code-generation/task-scheduler-pro-215323-215338/task_scheduler_frontend/src/pages/Settings.js", "pattern": "/^              className={`settings-nav-item ${activeTab === \"general\" ? \"active\" : \"\"}`}$/", "language": "JavaScript", "kind": "field", "scope": "Settings.className", "scopeKind": "class"}, {"_type": "tag", "name": "settings-nav-item ${activeTab === \"notifications\" ? \"active\" : \"\"}", "path": "/home/kavia/workspace/code-generation/task-scheduler-pro-215323-215338/task_scheduler_frontend/src/pages/Settings.js", "pattern": "/^              className={`settings-nav-item ${activeTab === \"notifications\" ? \"active\" : \"\"}`}$/", "language": "JavaScript", "kind": "field", "scope": "Settings.className", "scopeKind": "class"}], "hash": "33a6ee95d8648ac852def6bb14300c59", "format-version": 4, "code-base-name": "task_scheduler_frontend", "filename": "task_scheduler_frontend/src/pages/Settings.js", "fields": [{"name": "onClick={onBack}", "scope": "Settings.onClick", "scopeKind": "class", "description": "unavailable"}, {"name": "className={`settings-nav-item ${activeTab === \"appearance\" ? \"active\" : \"\"}`}", "scope": "Settings.className", "scopeKind": "class", "description": "unavailable"}, {"name": "className={`settings-nav-item ${activeTab === \"general\" ? \"active\" : \"\"}`}", "scope": "Settings.className", "scopeKind": "class", "description": "unavailable"}, {"name": "className={`settings-nav-item ${activeTab === \"notifications\" ? \"active\" : \"\"}`}", "scope": "Settings.className", "scopeKind": "class", "description": "unavailable"}], "revision_history": [{"72": "7ca8ff8eaed745116f545eb046e1c3a273a7ecad"}]}