{"is_source_file": false, "format": "", "description": "", "external_files": [], "external_methods": [], "published": [], "classes": [], "methods": [], "calls": [], "search-terms": [], "state": 2, "file_id": 9, "knowledge_revision": 53, "git_revision": "0f628767903c5d29f8018d6c86158c2608682179", "hash": "d2b40d02d5f7873d8a6713bad837edd4", "format-version": 4, "code-base-name": "task_scheduler_frontend", "filename": "task_scheduler_frontend/public/index.html", "revision_history": [{"53": "0f628767903c5d29f8018d6c86158c2608682179"}]}