{"is_source_file": false, "format": "", "description": "", "external_files": [], "external_methods": [], "published": [], "classes": [], "methods": [], "calls": [], "search-terms": [], "state": 2, "file_id": 1, "knowledge_revision": 44, "git_revision": "69c2fc291ca65b95d9a05a32602784de94367c17", "hash": "4c6738d67d4c8266f1a978e197d75174", "format-version": 4, "code-base-name": "task_scheduler_frontend", "filename": "task_scheduler_frontend/SETTINGS_QA_CHECKLIST.md", "revision_history": [{"44": "69c2fc291ca65b95d9a05a32602784de94367c17"}]}