{"is_source_file": false, "format": "", "description": "", "external_files": [], "external_methods": [], "published": [], "classes": [], "methods": [], "calls": [], "search-terms": [], "state": 2, "file_id": 5, "knowledge_revision": 47, "git_revision": "8deac691f5e51bb1fb9bab350911ae84147cf25f", "hash": "61ef14a9780590487a39b4e28c74e95a", "format-version": 4, "code-base-name": "task_scheduler_frontend", "filename": "task_scheduler_frontend/interfaces/backend_openapi.json", "revision_history": [{"47": "8deac691f5e51bb1fb9bab350911ae84147cf25f"}]}