{"is_source_file": false, "format": "", "description": "", "external_files": [], "external_methods": [], "published": [], "classes": [], "methods": [], "calls": [], "search-terms": [], "state": 2, "file_id": 37, "knowledge_revision": 73, "git_revision": "7ca8ff8eaed745116f545eb046e1c3a273a7ecad", "hash": "dac040655df335efc0e759b33f573440", "format-version": 4, "code-base-name": "task_scheduler_frontend", "filename": "task_scheduler_frontend/THEME_SYSTEM.md", "revision_history": [{"73": "7ca8ff8eaed745116f545eb046e1c3a273a7ecad"}]}