{"is_source_file": true, "format": "JavaScript (React component)", "description": "This file defines a React functional component named 'Modal' that implements an accessible modal dialog. It manages keyboard events for closing the modal with the Escape key, handles backdrop clicks to close, and renders modal content with appropriate ARIA attributes for accessibility.", "external_files": ["react"], "external_methods": ["useEffect"], "published": ["default", "Modal"], "classes": [], "methods": [{"name": "Modal({ title, children, onClose })", "description": "React functional component that renders a modal dialog with accessibility features and handles user interactions such as backdrop clicks and Escape key presses.", "scope": "", "scopeKind": ""}], "calls": ["window.addEventListener", "window.removeEventListener", "onClose"], "search-terms": ["React", "Modal", "accessible modal", "useEffect", "backdrop click", "escape key", "ARIA attributes"], "state": 2, "file_id": 28, "knowledge_revision": 69, "git_revision": "8deac691f5e51bb1fb9bab350911ae84147cf25f", "ctags": [{"_type": "tag", "name": "Modal", "path": "/home/kavia/workspace/code-generation/task-scheduler-pro-215323-215338/task_scheduler_frontend/src/components/Modal.js", "pattern": "/^export default function Modal({ title, children, onClose }) {$/", "language": "JavaScript", "kind": "function", "signature": "({ title, children, onClose })"}], "hash": "1ce31330bf5ad968625e02ee64313783", "format-version": 4, "code-base-name": "task_scheduler_frontend", "filename": "task_scheduler_frontend/src/components/Modal.js", "revision_history": [{"69": "8deac691f5e51bb1fb9bab350911ae84147cf25f"}]}